id;username;email;profile_picture;profile_picture_content_type;language_preference;login;first_name;last_name;image_url;activated
1;ugh;Ally98@gmail.com;../fake-data/blob/hipster.png;image/png;saving;"l@YfIS\1PnZV-Q\mqUfg0r\V4v-C\(5ODm";Gerald;Hettinger;harass;false
2;long yet excepting;Cicero.Kirlin40@yahoo.com;../fake-data/blob/hipster.png;image/png;look indeed documentation;"V-J8@wVKU\yY2GK\`Zs0Azj\+4O\yoEmYjT\dTrRc7C";Ayana;Spinka;under gah;true
3;when;Alvina.Breitenberg@gmail.com;../fake-data/blob/hipster.png;image/png;boo;"u@ipD\*GEPt\D921CS\|FCJgi\tw";Berniece;Raynor;raisin tambour stone;true
4;file;Felix_Koss27@hotmail.com;../fake-data/blob/hipster.png;image/png;between inside;"w@JC";Josh;Witting;perfectly;true
5;gah;Jay.Dickens@yahoo.com;../fake-data/blob/hipster.png;image/png;downgrade phew best;"2p&j_4@cU\2sEPA\zq\4tsul-";Jayden;Zieme-Fay;quicken;false
6;across by;Dangelo.Casper@gmail.com;../fake-data/blob/hipster.png;image/png;enthusiastically;"UA@Iv2";Harmon;Russel;regularly consequently;true
7;provided;Coby_Bergnaum@yahoo.com;../fake-data/blob/hipster.png;image/png;gregarious;"KW@AxMW\w8H\Jn75am";Naomi;Conn;apologise upbeat;true
8;when;Mustafa_Hagenes@gmail.com;../fake-data/blob/hipster.png;image/png;than;"ZIs";Doug;Lesch;suddenly propane stupidity;false
9;tame;Devonte_Johnson@hotmail.com;../fake-data/blob/hipster.png;image/png;scandalise till curiously;"~@lK\*K\<5EF5y";Dejah;Wiza;for;false
10;editorial calm;Jayne.Maggio63@gmail.com;../fake-data/blob/hipster.png;image/png;poorly;"Zq9^ER@ntRE\2IWv\;tc-92\5MlM7w\jD6DIPh";Ericka;Schinner;ordain;true
